,State,Year,Population
0,AK,1969,294290
1,AK,1970,305328
2,AK,1971,316366
3,AK,1972,326431
4,AK,1973,333134
5,AK,1974,344658
6,AK,1975,370866
7,AK,1976,392998
8,AK,1977,397220
9,AK,1978,402051
10,AK,1979,403367
11,AK,1980,404680
12,AK,1981,418519
13,AK,1982,449608
14,AK,1983,488423
15,AK,1984,513697
16,AK,1985,532503
17,AK,1986,544270
18,AK,1987,539324
19,AK,1988,541999
20,AK,1989,547170
21,AK,1990,553290
22,AK,1991,570193
23,AK,1992,588736
24,AK,1993,599432
25,AK,1994,603308
26,AK,1995,604412
27,AK,1996,608569
28,AK,1997,612968
29,AK,1998,619932
30,AK,1999,624779
31,AK,2000,627963
32,AK,2001,633714
33,AK,2002,642337
34,AK,2003,648414
35,AK,2004,659286
36,AK,2005,666946
37,AK,2006,675302
38,AK,2007,680300
39,AK,2008,687455
40,AK,2009,698895
41,AK,2010,714015
42,AK,2011,722259
43,AK,2012,730825
44,AK,2013,736760
45,AK,2014,736759
46,AK,2015,737979
47,AK,2016,741522
48,AK,2017,739795
49,AL,1969,3411770
50,AL,1970,3454557
51,AL,1971,3497349
52,AL,1972,3540003
53,AL,1973,3580759
54,AL,1974,3627778
55,AL,1975,3680495
56,AL,1976,3737038
57,AL,1977,3782571
58,AL,1978,3833971
59,AL,1979,3869340
60,AL,1980,3899671
61,AL,1981,3918526
62,AL,1982,3925328
63,AL,1983,3934100
64,AL,1984,3951766
65,AL,1985,3972539
66,AL,1986,3991552
67,AL,1987,4015266
68,AL,1988,4023902
69,AL,1989,4030239
70,AL,1990,4050055
71,AL,1991,4099156
72,AL,1992,4154014
73,AL,1993,4214202
74,AL,1994,4260229
75,AL,1995,4296800
76,AL,1996,4331102
77,AL,1997,4367935
78,AL,1998,4404701
79,AL,1999,4430141
80,AL,2000,4452173
81,AL,2001,4467634
82,AL,2002,4480089
83,AL,2003,4503491
84,AL,2004,4530729
85,AL,2005,4569805
86,AL,2006,4628981
87,AL,2007,4672840
88,AL,2008,4718206
89,AL,2009,4757938
90,AL,2010,4785579
91,AL,2011,4798649
92,AL,2012,4813946
93,AL,2013,4827660
94,AL,2014,4840037
95,AL,2015,4850858
96,AL,2016,4860545
97,AL,2017,4874747
98,AR,1969,1893768
99,AR,1970,1932816
100,AR,1971,1971940
101,AR,1972,2017987
102,AR,1973,2058402
103,AR,1974,2100229
104,AR,1975,2158257
105,AR,1976,2168656
106,AR,1977,2207195
107,AR,1978,2240956
108,AR,1979,2269073
109,AR,1980,2288809
110,AR,1981,2293196
111,AR,1982,2294297
112,AR,1983,2305796
113,AR,1984,2319782
114,AR,1985,2327069
115,AR,1986,2331988
116,AR,1987,2342405
117,AR,1988,2342643
118,AR,1989,2346375
119,AR,1990,2356586
120,AR,1991,2383144
121,AR,1992,2415984
122,AR,1993,2456303
123,AR,1994,2494019
124,AR,1995,2535399
125,AR,1996,2572109
126,AR,1997,2601090
127,AR,1998,2626289
128,AR,1999,2651860
129,AR,2000,2678588
130,AR,2001,2691571
131,AR,2002,2705927
132,AR,2003,2724816
133,AR,2004,2749686
134,AR,2005,2781097
135,AR,2006,2821761
136,AR,2007,2848650
137,AR,2008,2874554
138,AR,2009,2896843
139,AR,2010,2921737
140,AR,2011,2938640
141,AR,2012,2949208
142,AR,2013,2956780
143,AR,2014,2964800
144,AR,2015,2975626
145,AR,2016,2988231
146,AR,2017,3004279
147,AZ,1969,1702945
148,AZ,1970,1799531
149,AZ,1971,1896117
150,AZ,1972,2008852
151,AZ,1973,2125305
152,AZ,1974,2224356
153,AZ,1975,2286342
154,AZ,1976,2347970
155,AZ,1977,2427296
156,AZ,1978,2517851
157,AZ,1979,2638572
158,AZ,1980,2735840
159,AZ,1981,2810110
160,AZ,1982,2889877
161,AZ,1983,2968912
162,AZ,1984,3067125
163,AZ,1985,3183536
164,AZ,1986,3308269
165,AZ,1987,3437097
166,AZ,1988,3535200
167,AZ,1989,3622180
168,AZ,1990,3684097
169,AZ,1991,3788576
170,AZ,1992,3915740
171,AZ,1993,4065440
172,AZ,1994,4245089
173,AZ,1995,4432499
174,AZ,1996,4586940
175,AZ,1997,4736990
176,AZ,1998,4883342
177,AZ,1999,5023823
178,AZ,2000,5160586
179,AZ,2001,5273477
180,AZ,2002,5396255
181,AZ,2003,5510364
182,AZ,2004,5652404
183,AZ,2005,5839077
184,AZ,2006,6029141
185,AZ,2007,6167681
186,AZ,2008,6280362
187,AZ,2009,6343154
188,AZ,2010,6407002
189,AZ,2011,6465488
190,AZ,2012,6544211
191,AZ,2013,6616124
192,AZ,2014,6706435
193,AZ,2015,6802262
194,AZ,2016,6908642
195,AZ,2017,7016270
196,CA,1969,19745905
197,CA,1970,20045806
198,CA,1971,20345724
199,CA,1972,20584918
200,CA,1973,20867894
201,CA,1974,21172684
202,CA,1975,21536811
203,CA,1976,21934604
204,CA,1977,22350332
205,CA,1978,22839038
206,CA,1979,23255178
207,CA,1980,23792840
208,CA,1981,24285898
209,CA,1982,24820025
210,CA,1983,25360028
211,CA,1984,25844380
212,CA,1985,26441100
213,CA,1986,27102241
214,CA,1987,27777121
215,CA,1988,28464230
216,CA,1989,29218163
217,CA,1990,29959515
218,CA,1991,30470736
219,CA,1992,30974659
220,CA,1993,31274928
221,CA,1994,31484435
222,CA,1995,31696582
223,CA,1996,32018834
224,CA,1997,32486010
225,CA,1998,32987675
226,CA,1999,33499204
227,CA,2000,33987977
228,CA,2001,34479458
229,CA,2002,34871843
230,CA,2003,35253159
231,CA,2004,35574576
232,CA,2005,35827943
233,CA,2006,36021202
234,CA,2007,36250311
235,CA,2008,36604337
236,CA,2009,36961229
237,CA,2010,37327690
238,CA,2011,37672654
239,CA,2012,38019006
240,CA,2013,38347383
241,CA,2014,38701278
242,CA,2015,39032444
243,CA,2016,39296476
244,CA,2017,39536653
245,CO,1969,2153153
246,CO,1970,2228340
247,CO,1971,2303608
248,CO,1972,2404715
249,CO,1973,2495942
250,CO,1974,2541424
251,CO,1975,2586243
252,CO,1976,2632370
253,CO,1977,2696179
254,CO,1978,2766843
255,CO,1979,2849298
256,CO,1980,2909545
257,CO,1981,2977917
258,CO,1982,3061599
259,CO,1983,3133614
260,CO,1984,3170024
261,CO,1985,3208691
262,CO,1986,3237457
263,CO,1987,3260504
264,CO,1988,3262279
265,CO,1989,3275826
266,CO,1990,3307618
267,CO,1991,3387119
268,CO,1992,3495939
269,CO,1993,3613734
270,CO,1994,3724168
271,CO,1995,3826653
272,CO,1996,3919972
273,CO,1997,4018293
274,CO,1998,4116639
275,CO,1999,4226018
276,CO,2000,4326921
277,CO,2001,4425687
278,CO,2002,4490406
279,CO,2003,4528732
280,CO,2004,4575013
281,CO,2005,4631888
282,CO,2006,4720423
283,CO,2007,4803868
284,CO,2008,4889730
285,CO,2009,4972195
286,CO,2010,5048029
287,CO,2011,5116411
288,CO,2012,5186330
289,CO,2013,5262556
290,CO,2014,5342311
291,CO,2015,5440445
292,CO,2016,5530105
293,CO,2017,5607154
294,CT,1969,3014615
295,CT,1970,3038035
296,CT,1971,3061455
297,CT,1972,3069631
298,CT,1973,3069158
299,CT,1974,3075790
300,CT,1975,3084745
301,CT,1976,3085999
302,CT,1977,3088745
303,CT,1978,3094869
304,CT,1979,3099931
305,CT,1980,3114221
306,CT,1981,3128849
307,CT,1982,3139008
308,CT,1983,3162366
309,CT,1984,3180017
310,CT,1985,3201120
311,CT,1986,3223744
312,CT,1987,3247304
313,CT,1988,3271957
314,CT,1989,3283420
315,CT,1990,3291967
316,CT,1991,3302895
317,CT,1992,3300712
318,CT,1993,3309175
319,CT,1994,3316121
320,CT,1995,3324144
321,CT,1996,3336685
322,CT,1997,3349348
323,CT,1998,3365352
324,CT,1999,3386401
325,CT,2000,3411777
326,CT,2001,3432835
327,CT,2002,3458749
328,CT,2003,3484336
329,CT,2004,3496094
330,CT,2005,3506956
331,CT,2006,3517460
332,CT,2007,3527270
333,CT,2008,3545579
334,CT,2009,3561807
335,CT,2010,3580171
336,CT,2011,3591927
337,CT,2012,3597705
338,CT,2013,3602470
339,CT,2014,3600188
340,CT,2015,3593862
341,CT,2016,3587685
342,CT,2017,3588184
343,DC,1969,760291
344,DC,1970,755466
345,DC,1971,750641
346,DC,1972,743778
347,DC,1973,733677
348,DC,1974,720758
349,DC,1975,710304
350,DC,1976,696305
351,DC,1977,681766
352,DC,1978,670045
353,DC,1979,655620
354,DC,1980,637161
355,DC,1981,636891
356,DC,1982,634174
357,DC,1983,632433
358,DC,1984,633385
359,DC,1985,634545
360,DC,1986,638280
361,DC,1987,636931
362,DC,1988,630427
363,DC,1989,624160
364,DC,1990,605321
365,DC,1991,600870
366,DC,1992,597565
367,DC,1993,595301
368,DC,1994,589239
369,DC,1995,580517
370,DC,1996,572377
371,DC,1997,567736
372,DC,1998,565230
373,DC,1999,570213
374,DC,2000,572046
375,DC,2001,574504
376,DC,2002,573158
377,DC,2003,568502
378,DC,2004,567754
379,DC,2005,567136
380,DC,2006,570681
381,DC,2007,574404
382,DC,2008,580236
383,DC,2009,592228
384,DC,2010,605040
385,DC,2011,620336
386,DC,2012,635630
387,DC,2013,650114
388,DC,2014,660797
389,DC,2015,672736
390,DC,2016,684336
391,DC,2017,693972
392,DE,1969,537811
393,DE,1970,551509
394,DE,1971,565207
395,DE,1972,573824
396,DE,1973,579100
397,DE,1974,583149
398,DE,1975,588737
399,DE,1976,592753
400,DE,1977,594815
401,DE,1978,598183
402,DE,1979,598823
403,DE,1980,594936
404,DE,1981,595974
405,DE,1982,599149
406,DE,1983,605455
407,DE,1984,611567
408,DE,1985,618287
409,DE,1986,627545
410,DE,1987,636950
411,DE,1988,647621
412,DE,1989,658279
413,DE,1990,669567
414,DE,1991,683080
415,DE,1992,694925
416,DE,1993,706378
417,DE,1994,717545
418,DE,1995,729734
419,DE,1996,740977
420,DE,1997,751487
421,DE,1998,763335
422,DE,1999,774990
423,DE,2000,786373
424,DE,2001,795699
425,DE,2002,806169
426,DE,2003,818003
427,DE,2004,830803
428,DE,2005,845150
429,DE,2006,859268
430,DE,2007,871749
431,DE,2008,883874
432,DE,2009,891730
433,DE,2010,899712
434,DE,2011,907884
435,DE,2012,916868
436,DE,2013,925114
437,DE,2014,934805
438,DE,2015,944107
439,DE,2016,952698
440,DE,2017,961939
441,FL,1969,6567950
442,FL,1970,6865460
443,FL,1971,7162971
444,FL,1972,7520382
445,FL,1973,7927232
446,FL,1974,8317073
447,FL,1975,8541584
448,FL,1976,8695198
449,FL,1977,8888806
450,FL,1978,9131410
451,FL,1979,9470482
452,FL,1980,9841159
453,FL,1981,10192814
454,FL,1982,10471438
455,FL,1983,10749908
456,FL,1984,11039982
457,FL,1985,11351091
458,FL,1986,11667511
459,FL,1987,11997293
460,FL,1988,12306421
461,FL,1989,12637697
462,FL,1990,13033307
463,FL,1991,13369798
464,FL,1992,13650553
465,FL,1993,13927185
466,FL,1994,14239444
467,FL,1995,14537875
468,FL,1996,14853360
469,FL,1997,15186304
470,FL,1998,15486559
471,FL,1999,15759421
472,FL,2000,16047515
473,FL,2001,16356966
474,FL,2002,16689370
475,FL,2003,17004085
476,FL,2004,17415318
477,FL,2005,17842038
478,FL,2006,18166990
479,FL,2007,18367842
480,FL,2008,18527305
481,FL,2009,18652644
482,FL,2010,18846461
483,FL,2011,19097369
484,FL,2012,19341327
485,FL,2013,19584927
486,FL,2014,19897747
487,FL,2015,20268567
488,FL,2016,20656589
489,FL,2017,20984400
490,GA,1969,4513265
491,GA,1970,4611479
492,GA,1971,4709721
493,GA,1972,4806621
494,GA,1973,4906450
495,GA,1974,4994465
496,GA,1975,5058099
497,GA,1976,5125734
498,GA,1977,5211306
499,GA,1978,5285688
500,GA,1979,5390853
501,GA,1980,5484427
502,GA,1981,5568420
503,GA,1982,5649788
504,GA,1983,5728301
505,GA,1984,5835018
506,GA,1985,5962708
507,GA,1986,6084739
508,GA,1987,6208502
509,GA,1988,6316185
510,GA,1989,6411121
511,GA,1990,6512602
512,GA,1991,6653005
513,GA,1992,6817203
514,GA,1993,6978240
515,GA,1994,7157165
516,GA,1995,7328413
517,GA,1996,7501069
518,GA,1997,7685099
519,GA,1998,7863536
520,GA,1999,8045965
521,GA,2000,8227303
522,GA,2001,8377038
523,GA,2002,8508256
524,GA,2003,8622793
525,GA,2004,8769252
526,GA,2005,8925922
527,GA,2006,9155813
528,GA,2007,9349988
529,GA,2008,9504843
530,GA,2009,9620846
531,GA,2010,9712696
532,GA,2011,9810595
533,GA,2012,9911171
534,GA,2013,9981773
535,GA,2014,10083850
536,GA,2015,10199533
537,GA,2016,10313620
538,GA,2017,10429379
539,HI,1969,751103
540,HI,1970,776177
541,HI,1971,801251
542,HI,1972,827610
543,HI,1973,850517
544,HI,1974,866559
545,HI,1975,884406
546,HI,1976,902061
547,HI,1977,915753
548,HI,1978,928804
549,HI,1979,950042
550,HI,1980,961525
551,HI,1981,978201
552,HI,1982,993775
553,HI,1983,1012718
554,HI,1984,1027923
555,HI,1985,1039689
556,HI,1986,1051767
557,HI,1987,1067914
558,HI,1988,1079830
559,HI,1989,1094587
560,HI,1990,1113491
561,HI,1991,1136754
562,HI,1992,1158613
563,HI,1993,1172838
564,HI,1994,1187536
565,HI,1995,1196854
566,HI,1996,1203755
567,HI,1997,1211640
568,HI,1998,1215233
569,HI,1999,1210300
570,HI,2000,1213519
571,HI,2001,1225948
572,HI,2002,1239613
573,HI,2003,1251154
574,HI,2004,1273569
575,HI,2005,1292729
576,HI,2006,1309731
577,HI,2007,1315675
578,HI,2008,1332213
579,HI,2009,1346717
580,HI,2010,1363817
581,HI,2011,1378323
582,HI,2012,1392772
583,HI,2013,1408038
584,HI,2014,1417710
585,HI,2015,1426320
586,HI,2016,1428683
587,HI,2017,1427538
588,IA,1969,2809783
589,IA,1970,2830777
590,IA,1971,2851875
591,IA,1972,2860464
592,IA,1973,2864033
593,IA,1974,2867942
594,IA,1975,2881482
595,IA,1976,2903776
596,IA,1977,2914404
597,IA,1978,2919047
598,IA,1979,2916824
599,IA,1980,2915562
600,IA,1981,2908003
601,IA,1982,2888209
602,IA,1983,2870580
603,IA,1984,2858631
604,IA,1985,2829691
605,IA,1986,2791923
606,IA,1987,2767011
607,IA,1988,2768370
608,IA,1989,2770581
609,IA,1990,2781018
610,IA,1991,2797613
611,IA,1992,2818401
612,IA,1993,2836972
613,IA,1994,2850746
614,IA,1995,2867373
615,IA,1996,2880000
616,IA,1997,2891119
617,IA,1998,2902872
618,IA,1999,2917634
619,IA,2000,2929067
620,IA,2001,2931997
621,IA,2002,2934234
622,IA,2003,2941999
623,IA,2004,2953635
624,IA,2005,2964454
625,IA,2006,2982644
626,IA,2007,2999212
627,IA,2008,3016734
628,IA,2009,3032870
629,IA,2010,3050223
630,IA,2011,3063690
631,IA,2012,3074386
632,IA,2013,3089876
633,IA,2014,3105563
634,IA,2015,3118473
635,IA,2016,3130869
636,IA,2017,3145711
637,ID,1969,697487
638,ID,1970,718147
639,ID,1971,738856
640,ID,1972,763315
641,ID,1973,782142
642,ID,1974,808043
643,ID,1975,832061
644,ID,1976,857076
645,ID,1977,883539
646,ID,1978,911042
647,ID,1979,932725
648,ID,1980,948582
649,ID,1981,962244
650,ID,1982,973714
651,ID,1983,981895
652,ID,1984,990811
653,ID,1985,994050
654,ID,1986,990259
655,ID,1987,985010
656,ID,1988,985680
657,ID,1989,994396
658,ID,1990,1012384
659,ID,1991,1041316
660,ID,1992,1071685
661,ID,1993,1108768
662,ID,1994,1145140
663,ID,1995,1177322
664,ID,1996,1203083
665,ID,1997,1228520
666,ID,1998,1252330
667,ID,1999,1275674
668,ID,2000,1299430
669,ID,2001,1319962
670,ID,2002,1340372
671,ID,2003,1363380
672,ID,2004,1391802
673,ID,2005,1428241
674,ID,2006,1468669
675,ID,2007,1505105
676,ID,2008,1534320
677,ID,2009,1554439
678,ID,2010,1570912
679,ID,2011,1583180
680,ID,2012,1594673
681,ID,2013,1610187
682,ID,2014,1630391
683,ID,2015,1649324
684,ID,2016,1680026
685,ID,2017,1716943
686,IL,1969,11052819
687,IL,1970,11129316
688,IL,1971,11205953
689,IL,1972,11258208
690,IL,1973,11260386
691,IL,1974,11273801
692,IL,1975,11306443
693,IL,1976,11360331
694,IL,1977,11406331
695,IL,1978,11434520
696,IL,1979,11422890
697,IL,1980,11435454
698,IL,1981,11443511
699,IL,1982,11423449
700,IL,1983,11408779
701,IL,1984,11412194
702,IL,1985,11399816
703,IL,1986,11387247
704,IL,1987,11391175
705,IL,1988,11390222
706,IL,1989,11409801
707,IL,1990,11453316
708,IL,1991,11568964
709,IL,1992,11694184
710,IL,1993,11809579
711,IL,1994,11912585
712,IL,1995,12008437
713,IL,1996,12101997
714,IL,1997,12185715
715,IL,1998,12271847
716,IL,1999,12359020
717,IL,2000,12434161
718,IL,2001,12488445
719,IL,2002,12525556
720,IL,2003,12556006
721,IL,2004,12589773
722,IL,2005,12609903
723,IL,2006,12643955
724,IL,2007,12695866
725,IL,2008,12747038
726,IL,2009,12796778
727,IL,2010,12841196
728,IL,2011,12862298
729,IL,2012,12878494
730,IL,2013,12890403
731,IL,2014,12882438
732,IL,2015,12862051
733,IL,2016,12835726
734,IL,2017,12802023
735,IN,1969,5162578
736,IN,1970,5206262
737,IN,1971,5250028
738,IN,1972,5296219
739,IN,1973,5329163
740,IN,1974,5349955
741,IN,1975,5351155
742,IN,1976,5371615
743,IN,1977,5405151
744,IN,1978,5446484
745,IN,1979,5474976
746,IN,1980,5492740
747,IN,1981,5480482
748,IN,1982,5467946
749,IN,1983,5450407
750,IN,1984,5458334
751,IN,1985,5459201
752,IN,1986,5454137
753,IN,1987,5473040
754,IN,1988,5491729
755,IN,1989,5523668
756,IN,1990,5557798
757,IN,1991,5616388
758,IN,1992,5674547
759,IN,1993,5739019
760,IN,1994,5793526
761,IN,1995,5851459
762,IN,1996,5906013
763,IN,1997,5955267
764,IN,1998,5998880
765,IN,1999,6044969
766,IN,2000,6091866
767,IN,2001,6127760
768,IN,2002,6155967
769,IN,2003,6196638
770,IN,2004,6233007
771,IN,2005,6278616
772,IN,2006,6332669
773,IN,2007,6379599
774,IN,2008,6424806
775,IN,2009,6459325
776,IN,2010,6490029
777,IN,2011,6515358
778,IN,2012,6535665
779,IN,2013,6567484
780,IN,2014,6593182
781,IN,2015,6610596
782,IN,2016,6634007
783,IN,2017,6666818
784,KS,1969,2250328
785,KS,1970,2248359
786,KS,1971,2246461
787,KS,1972,2255791
788,KS,1973,2264585
789,KS,1974,2268075
790,KS,1975,2278947
791,KS,1976,2298892
792,KS,1977,2318147
793,KS,1978,2333141
794,KS,1979,2347705
795,KS,1980,2370088
796,KS,1981,2384813
797,KS,1982,2401220
798,KS,1983,2415565
799,KS,1984,2424119
800,KS,1985,2427428
801,KS,1986,2432638
802,KS,1987,2445422
803,KS,1988,2462057
804,KS,1989,2472864
805,KS,1990,2481349
806,KS,1991,2498722
807,KS,1992,2532394
808,KS,1993,2556547
809,KS,1994,2580513
810,KS,1995,2601007
811,KS,1996,2614554
812,KS,1997,2635292
813,KS,1998,2660598
814,KS,1999,2678338
815,KS,2000,2693681
816,KS,2001,2702162
817,KS,2002,2713535
818,KS,2003,2723004
819,KS,2004,2734373
820,KS,2005,2745299
821,KS,2006,2762931
822,KS,2007,2783785
823,KS,2008,2808076
824,KS,2009,2832704
825,KS,2010,2858403
826,KS,2011,2868756
827,KS,2012,2885316
828,KS,2013,2892900
829,KS,2014,2899553
830,KS,2015,2905789
831,KS,2016,2907731
832,KS,2017,2913123
833,KY,1969,3173740
834,KY,1970,3236121
835,KY,1971,3298565
836,KY,1972,3336275
837,KY,1973,3371741
838,KY,1974,3417229
839,KY,1975,3468957
840,KY,1976,3530680
841,KY,1977,3575221
842,KY,1978,3611577
843,KY,1979,3643920
844,KY,1980,3665364
845,KY,1981,3670396
846,KY,1982,3683427
847,KY,1983,3694465
848,KY,1984,3695426
849,KY,1985,3694833
850,KY,1986,3687821
851,KY,1987,3683341
852,KY,1988,3679990
853,KY,1989,3677287
854,KY,1990,3694048
855,KY,1991,3722328
856,KY,1992,3765469
857,KY,1993,3812206
858,KY,1994,3849088
859,KY,1995,3887427
860,KY,1996,3919535
861,KY,1997,3952747
862,KY,1998,3985390
863,KY,1999,4018053
864,KY,2000,4049021
865,KY,2001,4068132
866,KY,2002,4089875
867,KY,2003,4117170
868,KY,2004,4146101
869,KY,2005,4182742
870,KY,2006,4219239
871,KY,2007,4256672
872,KY,2008,4289878
873,KY,2009,4317074
874,KY,2010,4347948
875,KY,2011,4368505
876,KY,2012,4383673
877,KY,2013,4399121
878,KY,2014,4410415
879,KY,2015,4422057
880,KY,2016,4436113
881,KY,2017,4454189
882,LA,1969,3604367
883,LA,1970,3657391
884,LA,1971,3710415
885,LA,1972,3761799
886,LA,1973,3788684
887,LA,1974,3820684
888,LA,1975,3886835
889,LA,1976,3951506
890,LA,1977,4015423
891,LA,1978,4073143
892,LA,1979,4139128
893,LA,1980,4221583
894,LA,1981,4283312
895,LA,1982,4352625
896,LA,1983,4395334
897,LA,1984,4400521
898,LA,1985,4408128
899,LA,1986,4406953
900,LA,1987,4344222
901,LA,1988,4288939
902,LA,1989,4252958
903,LA,1990,4221532
904,LA,1991,4253279
905,LA,1992,4293003
906,LA,1993,4316428
907,LA,1994,4347481
908,LA,1995,4378779
909,LA,1996,4398877
910,LA,1997,4421071
911,LA,1998,4440344
912,LA,1999,4460811
913,LA,2000,4471885
914,LA,2001,4477875
915,LA,2002,4497267
916,LA,2003,4521042
917,LA,2004,4552238
918,LA,2005,4576628
919,LA,2006,4302665
920,LA,2007,4375581
921,LA,2008,4435586
922,LA,2009,4491648
923,LA,2010,4544871
924,LA,2011,4574388
925,LA,2012,4602681
926,LA,2013,4626795
927,LA,2014,4648797
928,LA,2015,4671211
929,LA,2016,4686157
930,LA,2017,4684333
931,MA,1969,5659435
932,MA,1970,5699034
933,MA,1971,5738634
934,MA,1972,5762150
935,MA,1973,5783836
936,MA,1974,5777027
937,MA,1975,5762168
938,MA,1976,5748885
939,MA,1977,5744117
940,MA,1978,5742953
941,MA,1979,5746212
942,MA,1980,5748441
943,MA,1981,5768702
944,MA,1982,5771203
945,MA,1983,5799434
946,MA,1984,5840782
947,MA,1985,5880748
948,MA,1986,5902658
949,MA,1987,5935207
950,MA,1988,5979997
951,MA,1989,6015492
952,MA,1990,6022639
953,MA,1991,6018470
954,MA,1992,6028709
955,MA,1993,6060569
956,MA,1994,6095241
957,MA,1995,6141445
958,MA,1996,6179756
959,MA,1997,6226058
960,MA,1998,6271838
961,MA,1999,6317345
962,MA,2000,6361104
963,MA,2001,6397634
964,MA,2002,6417206
965,MA,2003,6422565
966,MA,2004,6412281
967,MA,2005,6403290
968,MA,2006,6410084
969,MA,2007,6431559
970,MA,2008,6468967
971,MA,2009,6517613
972,MA,2010,6564943
973,MA,2011,6612178
974,MA,2012,6659627
975,MA,2013,6711138
976,MA,2014,6757925
977,MA,2015,6794002
978,MA,2016,6823721
979,MA,2017,6859819
980,MD,1969,3864521
981,MD,1970,3943493
982,MD,1971,4022470
983,MD,1972,4081123
984,MD,1973,4109069
985,MD,1974,4133329
986,MD,1975,4157172
987,MD,1976,4172112
988,MD,1977,4194629
989,MD,1978,4211619
990,MD,1979,4223366
991,MD,1980,4226191
992,MD,1981,4261930
993,MD,1982,4282946
994,MD,1983,4313319
995,MD,1984,4365282
996,MD,1985,4413118
997,MD,1986,4487008
998,MD,1987,4565574
999,MD,1988,4657894
1000,MD,1989,4727303
1001,MD,1990,4799770
1002,MD,1991,4867641
1003,MD,1992,4923368
1004,MD,1993,4971889
1005,MD,1994,5023060
1006,MD,1995,5070033
1007,MD,1996,5111986
1008,MD,1997,5157328
1009,MD,1998,5204464
1010,MD,1999,5254509
1011,MD,2000,5311034
1012,MD,2001,5374691
1013,MD,2002,5440389
1014,MD,2003,5496269
1015,MD,2004,5546935
1016,MD,2005,5592379
1017,MD,2006,5627367
1018,MD,2007,5653408
1019,MD,2008,5684965
1020,MD,2009,5730388
1021,MD,2010,5788099
1022,MD,2011,5843115
1023,MD,2012,5891680
1024,MD,2013,5932654
1025,MD,2014,5970245
1026,MD,2015,6000561
1027,MD,2016,6024752
1028,MD,2017,6052177
1029,ME,1969,980609
1030,ME,1970,998135
1031,ME,1971,1015679
1032,ME,1972,1034816
1033,ME,1973,1046432
1034,ME,1974,1060069
1035,ME,1975,1073287
1036,ME,1976,1089964
1037,ME,1977,1105357
1038,ME,1978,1115461
1039,ME,1979,1124939
1040,ME,1980,1127825
1041,ME,1981,1133039
1042,ME,1982,1136698
1043,ME,1983,1144777
1044,ME,1984,1155646
1045,ME,1985,1162942
1046,ME,1986,1170120
1047,ME,1987,1184588
1048,ME,1988,1203850
1049,ME,1989,1219968
1050,ME,1990,1231719
1051,ME,1991,1237081
1052,ME,1992,1238508
1053,ME,1993,1242302
1054,ME,1994,1242662
1055,ME,1995,1243480
1056,ME,1996,1249060
1057,ME,1997,1254774
1058,ME,1998,1259127
1059,ME,1999,1266808
1060,ME,2000,1277072
1061,ME,2001,1285692
1062,ME,2002,1295960
1063,ME,2003,1306513
1064,ME,2004,1313688
1065,ME,2005,1318787
1066,ME,2006,1323619
1067,ME,2007,1327040
1068,ME,2008,1330509
1069,ME,2009,1329590
1070,ME,2010,1327568
1071,ME,2011,1327968
1072,ME,2012,1328101
1073,ME,2013,1327975
1074,ME,2014,1328903
1075,ME,2015,1327787
1076,ME,2016,1330232
1077,ME,2017,1335907
1078,MI,1969,8827833
1079,MI,1970,8899844
1080,MI,1971,8971957
1081,MI,1972,9024729
1082,MI,1973,9071832
1083,MI,1974,9109456
1084,MI,1975,9107933
1085,MI,1976,9117539
1086,MI,1977,9157357
1087,MI,1978,9202029
1088,MI,1979,9248893
1089,MI,1980,9256676
1090,MI,1981,9209352
1091,MI,1982,9115204
1092,MI,1983,9047772
1093,MI,1984,9049453
1094,MI,1985,9076282
1095,MI,1986,9127778
1096,MI,1987,9187469
1097,MI,1988,9218025
1098,MI,1989,9253339
1099,MI,1990,9311319
1100,MI,1991,9400446
1101,MI,1992,9479065
1102,MI,1993,9540114
1103,MI,1994,9597737
1104,MI,1995,9676211
1105,MI,1996,9758645
1106,MI,1997,9809051
1107,MI,1998,9847942
1108,MI,1999,9897116
1109,MI,2000,9952450
1110,MI,2001,9991120
1111,MI,2002,10015710
1112,MI,2003,10041152
1113,MI,2004,10055315
1114,MI,2005,10051137
1115,MI,2006,10036081
1116,MI,2007,10001284
1117,MI,2008,9946889
1118,MI,2009,9901591
1119,MI,2010,9876731
1120,MI,2011,9876199
1121,MI,2012,9886610
1122,MI,2013,9899219
1123,MI,2014,9914675
1124,MI,2015,9918170
1125,MI,2016,9933445
1126,MI,2017,9962311
1127,MN,1969,3778923
1128,MN,1970,3815381
1129,MN,1971,3851972
1130,MN,1972,3866890
1131,MN,1973,3885200
1132,MN,1974,3898512
1133,MN,1975,3925808
1134,MN,1976,3956673
1135,MN,1977,3979937
1136,MN,1978,4004738
1137,MN,1979,4038217
1138,MN,1980,4086746
1139,MN,1981,4111752
1140,MN,1982,4131469
1141,MN,1983,4141479
1142,MN,1984,4157708
1143,MN,1985,4184290
1144,MN,1986,4205257
1145,MN,1987,4235173
1146,MN,1988,4296162
1147,MN,1989,4338036
1148,MN,1990,4389857
1149,MN,1991,4440859
1150,MN,1992,4495572
1151,MN,1993,4555954
1152,MN,1994,4610355
1153,MN,1995,4660180
1154,MN,1996,4712827
1155,MN,1997,4763390
1156,MN,1998,4813412
1157,MN,1999,4873481
1158,MN,2000,4933692
1159,MN,2001,4982796
1160,MN,2002,5018935
1161,MN,2003,5053572
1162,MN,2004,5087713
1163,MN,2005,5119598
1164,MN,2006,5163555
1165,MN,2007,5207203
1166,MN,2008,5247018
1167,MN,2009,5281203
1168,MN,2010,5310711
1169,MN,2011,5345967
1170,MN,2012,5377695
1171,MN,2013,5416074
1172,MN,2014,5452649
1173,MN,2015,5483238
1174,MN,2016,5525050
1175,MN,2017,5576606
1176,MO,1969,4650329
1177,MO,1970,4686588
1178,MO,1971,4722984
1179,MO,1972,4753328
1180,MO,1973,4774667
1181,MO,1974,4785480
1182,MO,1975,4795560
1183,MO,1976,4823715
1184,MO,1977,4845283
1185,MO,1978,4871354
1186,MO,1979,4889416
1187,MO,1980,4923025
1188,MO,1981,4932103
1189,MO,1982,4929471
1190,MO,1983,4943767
1191,MO,1984,4975276
1192,MO,1985,5000286
1193,MO,1986,5023077
1194,MO,1987,5056727
1195,MO,1988,5081731
1196,MO,1989,5095833
1197,MO,1990,5128880
1198,MO,1991,5170800
1199,MO,1992,5217101
1200,MO,1993,5271175
1201,MO,1994,5324497
1202,MO,1995,5378247
1203,MO,1996,5431553
1204,MO,1997,5481193
1205,MO,1998,5521765
1206,MO,1999,5561948
1207,MO,2000,5607285
1208,MO,2001,5641142
1209,MO,2002,5674825
1210,MO,2003,5709403
1211,MO,2004,5747741
1212,MO,2005,5790300
1213,MO,2006,5842704
1214,MO,2007,5887612
1215,MO,2008,5923916
1216,MO,2009,5961088
1217,MO,2010,5995681
1218,MO,2011,6010280
1219,MO,2012,6023267
1220,MO,2013,6041142
1221,MO,2014,6058014
1222,MO,2015,6072640
1223,MO,2016,6091176
1224,MO,2017,6113532
1225,MS,1969,2187159
1226,MS,1970,2226138
1227,MS,1971,2265118
1228,MS,1972,2306980
1229,MS,1973,2349565
1230,MS,1974,2378460
1231,MS,1975,2399711
1232,MS,1976,2430110
1233,MS,1977,2459607
1234,MS,1978,2487840
1235,MS,1979,2507743
1236,MS,1980,2524011
1237,MS,1981,2539038
1238,MS,1982,2556810
1239,MS,1983,2567731
1240,MS,1984,2578030
1241,MS,1985,2588120
1242,MS,1986,2593609
1243,MS,1987,2588571
1244,MS,1988,2580377
1245,MS,1989,2574306
1246,MS,1990,2578897
1247,MS,1991,2598733
1248,MS,1992,2623734
1249,MS,1993,2655100
1250,MS,1994,2688992
1251,MS,1995,2722659
1252,MS,1996,2748085
1253,MS,1997,2777004
1254,MS,1998,2804834
1255,MS,1999,2828408
1256,MS,2000,2848353
1257,MS,2001,2852994
1258,MS,2002,2858681
1259,MS,2003,2868312
1260,MS,2004,2889010
1261,MS,2005,2905943
1262,MS,2006,2904978
1263,MS,2007,2928350
1264,MS,2008,2947806
1265,MS,2009,2958774
1266,MS,2010,2970437
1267,MS,2011,2977452
1268,MS,2012,2982963
1269,MS,2013,2987721
1270,MS,2014,2988578
1271,MS,2015,2985297
1272,MS,2016,2985415
1273,MS,2017,2984100
1274,MT,1969,684222
1275,MT,1970,697665
1276,MT,1971,711153
1277,MT,1972,719272
1278,MT,1973,727504
1279,MT,1974,737316
1280,MT,1975,749209
1281,MT,1976,758597
1282,MT,1977,771428
1283,MT,1978,784108
1284,MT,1979,789255
1285,MT,1980,788754
1286,MT,1981,795330
1287,MT,1982,803966
1288,MT,1983,814009
1289,MT,1984,820868
1290,MT,1985,822326
1291,MT,1986,813770
1292,MT,1987,805084
1293,MT,1988,800194
1294,MT,1989,799657
1295,MT,1990,800204
1296,MT,1991,809680
1297,MT,1992,825770
1298,MT,1993,844761
1299,MT,1994,861306
1300,MT,1995,876553
1301,MT,1996,886254
1302,MT,1997,889865
1303,MT,1998,892431
1304,MT,1999,897507
1305,MT,2000,903773
1306,MT,2001,906961
1307,MT,2002,911667
1308,MT,2003,919630
1309,MT,2004,930009
1310,MT,2005,940102
1311,MT,2006,952692
1312,MT,2007,964706
1313,MT,2008,976415
1314,MT,2009,983982
1315,MT,2010,990507
1316,MT,2011,996866
1317,MT,2012,1003522
1318,MT,2013,1011921
1319,MT,2014,1019931
1320,MT,2015,1028317
1321,MT,2016,1038656
1322,MT,2017,1050493
1323,NC,1969,5013668
1324,NC,1970,5107138
1325,NC,1971,5200624
1326,NC,1972,5296063
1327,NC,1973,5382396
1328,NC,1974,5461082
1329,NC,1975,5535035
1330,NC,1976,5593340
1331,NC,1977,5668363
1332,NC,1978,5739221
1333,NC,1979,5801496
1334,NC,1980,5896178
1335,NC,1981,5956718
1336,NC,1982,6019166
1337,NC,1983,6077149
1338,NC,1984,6164036
1339,NC,1985,6253991
1340,NC,1986,6321646
1341,NC,1987,6403731
1342,NC,1988,6480675
1343,NC,1989,6565546
1344,NC,1990,6664016
1345,NC,1991,6784280
1346,NC,1992,6897214
1347,NC,1993,7042818
1348,NC,1994,7187398
1349,NC,1995,7344674
1350,NC,1996,7500670
1351,NC,1997,7656825
1352,NC,1998,7809121
1353,NC,1999,7949361
1354,NC,2000,8081614
1355,NC,2001,8210122
1356,NC,2002,8326201
1357,NC,2003,8422501
1358,NC,2004,8553152
1359,NC,2005,8705407
1360,NC,2006,8917270
1361,NC,2007,9118037
1362,NC,2008,9309449
1363,NC,2009,9449566
1364,NC,2010,9574247
1365,NC,2011,9662940
1366,NC,2012,9755299
1367,NC,2013,9849812
1368,NC,2014,9941160
1369,NC,2015,10041769
1370,NC,2016,10156689
1371,NC,2017,10273419
1372,ND,1969,612454
1373,ND,1970,619616
1374,ND,1971,626814
1375,ND,1972,631073
1376,ND,1973,632500
1377,ND,1974,634267
1378,ND,1975,638605
1379,ND,1976,645429
1380,ND,1977,649294
1381,ND,1978,650802
1382,ND,1979,652317
1383,ND,1980,654501
1384,ND,1981,659494
1385,ND,1982,668960
1386,ND,1983,676664
1387,ND,1984,680484
1388,ND,1985,676978
1389,ND,1986,669520
1390,ND,1987,661140
1391,ND,1988,655324
1392,ND,1989,646359
1393,ND,1990,637685
1394,ND,1991,635753
1395,ND,1992,638223
1396,ND,1993,641216
1397,ND,1994,644804
1398,ND,1995,647832
1399,ND,1996,650382
1400,ND,1997,649716
1401,ND,1998,647532
1402,ND,1999,644259
1403,ND,2000,642023
1404,ND,2001,639062
1405,ND,2002,638168
1406,ND,2003,638817
1407,ND,2004,644705
1408,ND,2005,646089
1409,ND,2006,649422
1410,ND,2007,652822
1411,ND,2008,657569
1412,ND,2009,664968
1413,ND,2010,674518
1414,ND,2011,684830
1415,ND,2012,701380
1416,ND,2013,722908
1417,ND,2014,738658
1418,ND,2015,754859
1419,ND,2016,755548
1420,ND,2017,755393
1421,NE,1969,1473784
1422,NE,1970,1489064
1423,NE,1971,1504425
1424,NE,1972,1518356
1425,NE,1973,1528599
1426,NE,1974,1537905
1427,NE,1975,1541653
1428,NE,1976,1549128
1429,NE,1977,1554759
1430,NE,1978,1561134
1431,NE,1979,1564670
1432,NE,1980,1572854
1433,NE,1981,1578481
1434,NE,1982,1581747
1435,NE,1983,1584296
1436,NE,1984,1588598
1437,NE,1985,1584659
1438,NE,1986,1574301
1439,NE,1987,1566549
1440,NE,1988,1571465
1441,NE,1989,1574848
1442,NE,1990,1581660
1443,NE,1991,1595919
1444,NE,1992,1611687
1445,NE,1993,1625590
1446,NE,1994,1639041
1447,NE,1995,1656992
1448,NE,1996,1673740
1449,NE,1997,1686418
1450,NE,1998,1695816
1451,NE,1999,1704764
1452,NE,2000,1713820
1453,NE,2001,1719836
1454,NE,2002,1728292
1455,NE,2003,1738643
1456,NE,2004,1749370
1457,NE,2005,1761497
1458,NE,2006,1772693
1459,NE,2007,1783440
1460,NE,2008,1796378
1461,NE,2009,1812683
1462,NE,2010,1829956
1463,NE,2011,1841641
1464,NE,2012,1854862
1465,NE,2013,1867414
1466,NE,2014,1880920
1467,NE,2015,1893564
1468,NE,2016,1907603
1469,NE,2017,1920076
1470,NH,1969,722955
1471,NH,1970,742566
1472,NH,1971,762190
1473,NH,1972,781710
1474,NH,1973,801832
1475,NH,1974,817071
1476,NH,1975,830038
1477,NH,1976,847025
1478,NH,1977,871873
1479,NH,1978,893981
1480,NH,1979,911900
1481,NH,1980,924802
1482,NH,1981,936630
1483,NH,1982,947716
1484,NH,1983,958127
1485,NH,1984,976879
1486,NH,1985,996760
1487,NH,1986,1025069
1488,NH,1987,1054291
1489,NH,1988,1082583
1490,NH,1989,1104519
1491,NH,1990,1112384
1492,NH,1991,1109929
1493,NH,1992,1117784
1494,NH,1993,1129458
1495,NH,1994,1142560
1496,NH,1995,1157561
1497,NH,1996,1174719
1498,NH,1997,1189425
1499,NH,1998,1205940
1500,NH,1999,1222014
1501,NH,2000,1239882
1502,NH,2001,1255517
1503,NH,2002,1269089
1504,NH,2003,1279840
1505,NH,2004,1290121
1506,NH,2005,1298492
1507,NH,2006,1308389
1508,NH,2007,1312540
1509,NH,2008,1315906
1510,NH,2009,1316102
1511,NH,2010,1316700
1512,NH,2011,1318345
1513,NH,2012,1320923
1514,NH,2013,1322622
1515,NH,2014,1328684
1516,NH,2015,1330134
1517,NH,2016,1335015
1518,NH,2017,1342795
1519,NJ,1969,7104428
1520,NJ,1970,7193210
1521,NJ,1971,7281992
1522,NJ,1972,7336570
1523,NJ,1973,7335280
1524,NJ,1974,7335230
1525,NJ,1975,7341399
1526,NJ,1976,7344079
1527,NJ,1977,7342023
1528,NJ,1978,7356425
1529,NJ,1979,7373065
1530,NJ,1980,7376972
1531,NJ,1981,7407508
1532,NJ,1982,7431031
1533,NJ,1983,7467818
1534,NJ,1984,7515486
1535,NJ,1985,7565511
1536,NJ,1986,7622189
1537,NJ,1987,7670784
1538,NJ,1988,7712352
1539,NJ,1989,7726114
1540,NJ,1990,7762963
1541,NJ,1991,7814676
1542,NJ,1992,7880508
1543,NJ,1993,7948915
1544,NJ,1994,8014306
1545,NJ,1995,8083242
1546,NJ,1996,8149596
1547,NJ,1997,8218808
1548,NJ,1998,8287418
1549,NJ,1999,8359592
1550,NJ,2000,8430621
1551,NJ,2001,8492671
1552,NJ,2002,8552643
1553,NJ,2003,8601402
1554,NJ,2004,8634561
1555,NJ,2005,8651974
1556,NJ,2006,8661679
1557,NJ,2007,8677885
1558,NJ,2008,8711090
1559,NJ,2009,8755602
1560,NJ,2010,8803708
1561,NJ,2011,8844694
1562,NJ,2012,8882095
1563,NJ,2013,8913735
1564,NJ,2014,8943010
1565,NJ,2015,8960001
1566,NJ,2016,8978416
1567,NJ,2017,9005644
1568,NM,1969,995273
1569,NM,1970,1024290
1570,NM,1971,1053333
1571,NM,1972,1077889
1572,NM,1973,1104347
1573,NM,1974,1129663
1574,NM,1975,1162743
1575,NM,1976,1195208
1576,NM,1977,1225310
1577,NM,1978,1251898
1578,NM,1979,1280594
1579,NM,1980,1309108
1580,NM,1981,1332768
1581,NM,1982,1363854
1582,NM,1983,1394380
1583,NM,1984,1416763
1584,NM,1985,1438385
1585,NM,1986,1462762
1586,NM,1987,1478507
1587,NM,1988,1490356
1588,NM,1989,1503936
1589,NM,1990,1521574
1590,NM,1991,1555305
1591,NM,1992,1595442
1592,NM,1993,1636453
1593,NM,1994,1682398
1594,NM,1995,1720394
1595,NM,1996,1752326
1596,NM,1997,1774839
1597,NM,1998,1793484
1598,NM,1999,1808082
1599,NM,2000,1821204
1600,NM,2001,1831690
1601,NM,2002,1855309
1602,NM,2003,1877574
1603,NM,2004,1903808
1604,NM,2005,1932274
1605,NM,2006,1962137
1606,NM,2007,1990070
1607,NM,2008,2010662
1608,NM,2009,2036802
1609,NM,2010,2064607
1610,NM,2011,2077744
1611,NM,2012,2083590
1612,NM,2013,2085161
1613,NM,2014,2083207
1614,NM,2015,2082264
1615,NM,2016,2085432
1616,NM,2017,2088070
1617,NV,1969,469977
1618,NV,1970,494996
1619,NV,1971,520027
1620,NV,1972,546805
1621,NV,1973,568946
1622,NV,1974,596747
1623,NV,1975,619877
1624,NV,1976,646870
1625,NV,1977,678154
1626,NV,1978,719391
1627,NV,1979,765194
1628,NV,1980,810232
1629,NV,1981,847644
1630,NV,1982,881550
1631,NV,1983,901987
1632,NV,1984,924917
1633,NV,1985,951040
1634,NV,1986,980635
1635,NV,1987,1023357
1636,NV,1988,1075033
1637,NV,1989,1137391
1638,NV,1990,1220695
1639,NV,1991,1296171
1640,NV,1992,1351367
1641,NV,1993,1411215
1642,NV,1994,1499298
1643,NV,1995,1581578
1644,NV,1996,1666320
1645,NV,1997,1764104
1646,NV,1998,1853191
1647,NV,1999,1934718
1648,NV,2000,2018741
1649,NV,2001,2098399
1650,NV,2002,2173791
1651,NV,2003,2248850
1652,NV,2004,2346222
1653,NV,2005,2432143
1654,NV,2006,2522658
1655,NV,2007,2601072
1656,NV,2008,2653630
1657,NV,2009,2684665
1658,NV,2010,2702797
1659,NV,2011,2718170
1660,NV,2012,2752410
1661,NV,2013,2786547
1662,NV,2014,2831730
1663,NV,2015,2883057
1664,NV,2016,2939254
1665,NV,2017,2998039
1666,NY,1969,18167105
1667,NY,1970,18266034
1668,NY,1971,18364991
1669,NY,1972,18351888
1670,NY,1973,18194899
1671,NY,1974,18072890
1672,NY,1975,18032337
1673,NY,1976,17974781
1674,NY,1977,17851561
1675,NY,1978,17720503
1676,NY,1979,17633759
1677,NY,1980,17566376
1678,NY,1981,17567730
1679,NY,1982,17589772
1680,NY,1983,17686905
1681,NY,1984,17745710
1682,NY,1985,17791750
1683,NY,1986,17833489
1684,NY,1987,17868881
1685,NY,1988,17941357
1686,NY,1989,17983082
1687,NY,1990,18020784
1688,NY,1991,18122510
1689,NY,1992,18246653
1690,NY,1993,18374954
1691,NY,1994,18459470
1692,NY,1995,18524104
1693,NY,1996,18588460
1694,NY,1997,18656546
1695,NY,1998,18755906
1696,NY,1999,18882725
1697,NY,2000,19001780
1698,NY,2001,19082838
1699,NY,2002,19137800
1700,NY,2003,19175939
1701,NY,2004,19171567
1702,NY,2005,19132610
1703,NY,2006,19104631
1704,NY,2007,19132335
1705,NY,2008,19212436
1706,NY,2009,19307066
1707,NY,2010,19405185
1708,NY,2011,19526372
1709,NY,2012,19625409
1710,NY,2013,19712514
1711,NY,2014,19773580
1712,NY,2015,19819347
1713,NY,2016,19836286
1714,NY,2017,19849399
1715,OH,1969,10610728
1716,OH,1970,10672784
1717,OH,1971,10734897
1718,OH,1972,10747042
1719,OH,1973,10767335
1720,OH,1974,10765749
1721,OH,1975,10770620
1722,OH,1976,10752843
1723,OH,1977,10771362
1724,OH,1978,10795544
1725,OH,1979,10798677
1726,OH,1980,10803551
1727,OH,1981,10788342
1728,OH,1982,10757118
1729,OH,1983,10737664
1730,OH,1984,10737767
1731,OH,1985,10734943
1732,OH,1986,10730284
1733,OH,1987,10760062
1734,OH,1988,10798630
1735,OH,1989,10829255
1736,OH,1990,10864162
1737,OH,1991,10945762
1738,OH,1992,11029431
1739,OH,1993,11101140
1740,OH,1994,11152454
1741,OH,1995,11202751
1742,OH,1996,11242827
1743,OH,1997,11277357
1744,OH,1998,11311536
1745,OH,1999,11335454
1746,OH,2000,11363543
1747,OH,2001,11387404
1748,OH,2002,11407889
1749,OH,2003,11434788
1750,OH,2004,11452251
1751,OH,2005,11463320
1752,OH,2006,11481213
1753,OH,2007,11500468
1754,OH,2008,11515391
1755,OH,2009,11528896
1756,OH,2010,11539282
1757,OH,2011,11543332
1758,OH,2012,11546969
1759,OH,2013,11567845
1760,OH,2014,11593741
1761,OH,2015,11606027
1762,OH,2016,11622554
1763,OH,2017,11658609
1764,OK,1969,2523771
1765,OK,1970,2570926
1766,OK,1971,2618115
1767,OK,1972,2657777
1768,OK,1973,2694412
1769,OK,1974,2732590
1770,OK,1975,2771958
1771,OK,1976,2823332
1772,OK,1977,2865865
1773,OK,1978,2912963
1774,OK,1979,2970069
1775,OK,1980,3040067
1776,OK,1981,3096133
1777,OK,1982,3206103
1778,OK,1983,3290412
1779,OK,1984,3285581
1780,OK,1985,3271395
1781,OK,1986,3252756
1782,OK,1987,3210172
1783,OK,1988,3167148
1784,OK,1989,3150372
1785,OK,1990,3148825
1786,OK,1991,3175440
1787,OK,1992,3220517
1788,OK,1993,3252285
1789,OK,1994,3280940
1790,OK,1995,3308208
1791,OK,1996,3340129
1792,OK,1997,3372917
1793,OK,1998,3405194
1794,OK,1999,3437147
1795,OK,2000,3454365
1796,OK,2001,3467100
1797,OK,2002,3489080
1798,OK,2003,3504892
1799,OK,2004,3525233
1800,OK,2005,3548597
1801,OK,2006,3594090
1802,OK,2007,3634349
1803,OK,2008,3668976
1804,OK,2009,3717572
1805,OK,2010,3759529
1806,OK,2011,3785232
1807,OK,2012,3815298
1808,OK,2013,3849840
1809,OK,2014,3875008
1810,OK,2015,3904353
1811,OK,2016,3921207
1812,OK,2017,3930864
1813,OR,1969,2056379
1814,OR,1970,2103151
1815,OR,1971,2149942
1816,OR,1972,2195316
1817,OR,1973,2238985
1818,OR,1974,2281008
1819,OR,1975,2324646
1820,OR,1976,2372217
1821,OR,1977,2439477
1822,OR,1978,2509658
1823,OR,1979,2578367
1824,OR,1980,2642128
1825,OR,1981,2667999
1826,OR,1982,2664930
1827,OR,1983,2653095
1828,OR,1984,2666598
1829,OR,1985,2672681
1830,OR,1986,2683537
1831,OR,1987,2701015
1832,OR,1988,2741316
1833,OR,1989,2790579
1834,OR,1990,2860375
1835,OR,1991,2928507
1836,OR,1992,2991755
1837,OR,1993,3060367
1838,OR,1994,3121264
1839,OR,1995,3184369
1840,OR,1996,3247111
1841,OR,1997,3304310
1842,OR,1998,3352449
1843,OR,1999,3393941
1844,OR,2000,3429708
1845,OR,2001,3467937
1846,OR,2002,3513424
1847,OR,2003,3547376
1848,OR,2004,3569463
1849,OR,2005,3613202
1850,OR,2006,3670883
1851,OR,2007,3722417
1852,OR,2008,3768748
1853,OR,2009,3808600
1854,OR,2010,3837073
1855,OR,2011,3865845
1856,OR,2012,3893920
1857,OR,2013,3919664
1858,OR,2014,3960673
1859,OR,2015,4016537
1860,OR,2016,4085989
1861,OR,2017,4142776
1862,PA,1969,11750369
1863,PA,1970,11817397
1864,PA,1971,11884462
1865,PA,1972,11904626
1866,PA,1973,11885290
1867,PA,1974,11864002
1868,PA,1975,11897884
1869,PA,1976,11887569
1870,PA,1977,11881959
1871,PA,1978,11864840
1872,PA,1979,11873663
1873,PA,1980,11872347
1874,PA,1981,11858669
1875,PA,1982,11845214
1876,PA,1983,11837787
1877,PA,1984,11815214
1878,PA,1985,11770908
1879,PA,1986,11782786
1880,PA,1987,11810896
1881,PA,1988,11845774
1882,PA,1989,11866027
1883,PA,1990,11903299
1884,PA,1991,11982164
1885,PA,1992,12049450
1886,PA,1993,12119724
1887,PA,1994,12166050
1888,PA,1995,12198403
1889,PA,1996,12220464
1890,PA,1997,12227814
1891,PA,1998,12245672
1892,PA,1999,12263805
1893,PA,2000,12284173
1894,PA,2001,12298970
1895,PA,2002,12331031
1896,PA,2003,12374658
1897,PA,2004,12410722
1898,PA,2005,12449990
1899,PA,2006,12510809
1900,PA,2007,12563937
1901,PA,2008,12612285
1902,PA,2009,12666858
1903,PA,2010,12711063
1904,PA,2011,12742811
1905,PA,2012,12768034
1906,PA,2013,12778450
1907,PA,2014,12790341
1908,PA,2015,12791124
1909,PA,2016,12787085
1910,PA,2017,12805537
1911,RI,1969,941122
1912,RI,1970,952555
1913,RI,1971,963988
1914,RI,1972,976384
1915,RI,1973,978018
1916,RI,1974,953519
1917,RI,1975,946352
1918,RI,1976,950328
1919,RI,1977,955133
1920,RI,1978,957247
1921,RI,1979,956651
1922,RI,1980,949207
1923,RI,1981,953015
1924,RI,1982,954178
1925,RI,1983,956378
1926,RI,1984,961898
1927,RI,1985,968958
1928,RI,1986,977341
1929,RI,1987,989597
1930,RI,1988,996406
1931,RI,1989,1000670
1932,RI,1990,1005995
1933,RI,1991,1010649
1934,RI,1992,1012581
1935,RI,1993,1015112
1936,RI,1994,1015960
1937,RI,1995,1017002
1938,RI,1996,1020893
1939,RI,1997,1025353
1940,RI,1998,1031155
1941,RI,1999,1040402
1942,RI,2000,1050268
1943,RI,2001,1057142
1944,RI,2002,1065995
1945,RI,2003,1071342
1946,RI,2004,1074579
1947,RI,2005,1067916
1948,RI,2006,1063096
1949,RI,2007,1057315
1950,RI,2008,1055003
1951,RI,2009,1053646
1952,RI,2010,1053169
1953,RI,2011,1052154
1954,RI,2012,1052761
1955,RI,2013,1052784
1956,RI,2014,1054782
1957,RI,2015,1055916
1958,RI,2016,1057566
1959,RI,2017,1059639
1960,SC,1969,2547708
1961,SC,1970,2604662
1962,SC,1971,2661616
1963,SC,1972,2718294
1964,SC,1973,2775339
1965,SC,1974,2843112
1966,SC,1975,2900130
1967,SC,1976,2941304
1968,SC,1977,2988908
1969,SC,1978,3041015
1970,SC,1979,3086840
1971,SC,1980,3132387
1972,SC,1981,3179269
1973,SC,1982,3207614
1974,SC,1983,3234093
1975,SC,1984,3271923
1976,SC,1985,3303250
1977,SC,1986,3342740
1978,SC,1987,3380520
1979,SC,1988,3412102
1980,SC,1989,3456772
1981,SC,1990,3501155
1982,SC,1991,3570404
1983,SC,1992,3620464
1984,SC,1993,3663314
1985,SC,1994,3705397
1986,SC,1995,3748582
1987,SC,1996,3796200
1988,SC,1997,3859696
1989,SC,1998,3919235
1990,SC,1999,3974682
1991,SC,2000,4024223
1992,SC,2001,4064995
1993,SC,2002,4107795
1994,SC,2003,4150297
1995,SC,2004,4210921
1996,SC,2005,4270150
1997,SC,2006,4357847
1998,SC,2007,4444110
1999,SC,2008,4528996
2000,SC,2009,4589872
2001,SC,2010,4635834
2002,SC,2011,4672744
2003,SC,2012,4719009
2004,SC,2013,4765862
2005,SC,2014,4824758
2006,SC,2015,4892423
2007,SC,2016,4959822
2008,SC,2017,5024369
2009,SD,1969,663081
2010,SD,1970,667299
2011,SD,1971,671564
2012,SD,1972,677476
2013,SD,1973,678998
2014,SD,1974,679892
2015,SD,1975,681489
2016,SD,1976,686917
2017,SD,1977,689104
2018,SD,1978,689368
2019,SD,1979,689106
2020,SD,1980,690713
2021,SD,1981,689582
2022,SD,1982,690586
2023,SD,1983,693017
2024,SD,1984,697207
2025,SD,1985,698404
2026,SD,1986,696014
2027,SD,1987,696032
2028,SD,1988,698144
2029,SD,1989,696787
2030,SD,1990,697101
2031,SD,1991,703669
2032,SD,1992,712801
2033,SD,1993,722159
2034,SD,1994,730790
2035,SD,1995,737925
2036,SD,1996,742213
2037,SD,1997,744223
2038,SD,1998,746058
2039,SD,1999,750412
2040,SD,2000,755844
2041,SD,2001,757972
2042,SD,2002,760020
2043,SD,2003,763729
2044,SD,2004,770396
2045,SD,2005,775493
2046,SD,2006,783033
2047,SD,2007,791623
2048,SD,2008,799124
2049,SD,2009,807067
2050,SD,2010,816227
2051,SD,2011,823338
2052,SD,2012,832576
2053,SD,2013,842513
2054,SD,2014,849455
2055,SD,2015,854036
2056,SD,2016,861542
2057,SD,2017,869666
2058,TN,1969,3874872
2059,TN,1970,3942583
2060,TN,1971,4010338
2061,TN,1972,4088549
2062,TN,1973,4138628
2063,TN,1974,4201789
2064,TN,1975,4260943
2065,TN,1976,4329200
2066,TN,1977,4401991
2067,TN,1978,4461690
2068,TN,1979,4533346
2069,TN,1980,4600705
2070,TN,1981,4627668
2071,TN,1982,4646050
2072,TN,1983,4659799
2073,TN,1984,4686803
2074,TN,1985,4715288
2075,TN,1986,4738700
2076,TN,1987,4782935
2077,TN,1988,4822432
2078,TN,1989,4854463
2079,TN,1990,4894492
2080,TN,1991,4966587
2081,TN,1992,5049742
2082,TN,1993,5137584
2083,TN,1994,5231438
2084,TN,1995,5326936
2085,TN,1996,5416643
2086,TN,1997,5499233
2087,TN,1998,5570045
2088,TN,1999,5638706
2089,TN,2000,5703719
2090,TN,2001,5750789
2091,TN,2002,5795918
2092,TN,2003,5847812
2093,TN,2004,5910809
2094,TN,2005,5991057
2095,TN,2006,6088766
2096,TN,2007,6175727
2097,TN,2008,6247411
2098,TN,2009,6306019
2099,TN,2010,6355882
2100,TN,2011,6396281
2101,TN,2012,6450632
2102,TN,2013,6490795
2103,TN,2014,6540007
2104,TN,2015,6590726
2105,TN,2016,6649404
2106,TN,2017,6715984
2107,TX,1969,11010547
2108,TX,1970,11260221
2109,TX,1971,11510036
2110,TX,1972,11759213
2111,TX,1973,12019599
2112,TX,1974,12268221
2113,TX,1975,12568317
2114,TX,1976,12903392
2115,TX,1977,13192014
2116,TX,1978,13497902
2117,TX,1979,13887550
2118,TX,1980,14337755
2119,TX,1981,14746340
2120,TX,1982,15331379
2121,TX,1983,15751679
2122,TX,1984,16007171
2123,TX,1985,16272777
2124,TX,1986,16561153
2125,TX,1987,16621954
2126,TX,1988,16667146
2127,TX,1989,16806831
2128,TX,1990,17056755
2129,TX,1991,17398005
2130,TX,1992,17759738
2131,TX,1993,18161612
2132,TX,1994,18564062
2133,TX,1995,18958751
2134,TX,1996,19340342
2135,TX,1997,19740317
2136,TX,1998,20157531
2137,TX,1999,20558220
2138,TX,2000,20944499
2139,TX,2001,21319622
2140,TX,2002,21690325
2141,TX,2003,22030931
2142,TX,2004,22394023
2143,TX,2005,22778123
2144,TX,2006,23359580
2145,TX,2007,23831983
2146,TX,2008,24309039
2147,TX,2009,24801761
2148,TX,2010,25241648
2149,TX,2011,25644424
2150,TX,2012,26078327
2151,TX,2013,26479279
2152,TX,2014,26954436
2153,TX,2015,27454880
2154,TX,2016,27904862
2155,TX,2017,28304596
2156,UT,1969,1034450
2157,UT,1970,1067600
2158,UT,1971,1100798
2159,UT,1972,1134632
2160,UT,1973,1168826
2161,UT,1974,1198852
2162,UT,1975,1233990
2163,UT,1976,1272410
2164,UT,1977,1316443
2165,UT,1978,1364279
2166,UT,1979,1416142
2167,UT,1980,1473171
2168,UT,1981,1515483
2169,UT,1982,1558322
2170,UT,1983,1594953
2171,UT,1984,1622339
2172,UT,1985,1642906
2173,UT,1986,1662830
2174,UT,1987,1678126
2175,UT,1988,1689374
2176,UT,1989,1705886
2177,UT,1990,1731223
2178,UT,1991,1779780
2179,UT,1992,1836799
2180,UT,1993,1898404
2181,UT,1994,1960446
2182,UT,1995,2014177
2183,UT,1996,2067976
2184,UT,1997,2119784
2185,UT,1998,2165960
2186,UT,1999,2203482
2187,UT,2000,2244502
2188,UT,2001,2283715
2189,UT,2002,2324815
2190,UT,2003,2360137
2191,UT,2004,2401580
2192,UT,2005,2457719
2193,UT,2006,2525507
2194,UT,2007,2597746
2195,UT,2008,2663029
2196,UT,2009,2723421
2197,UT,2010,2775260
2198,UT,2011,2815430
2199,UT,2012,2854222
2200,UT,2013,2899961
2201,UT,2014,2938671
2202,UT,2015,2984917
2203,UT,2016,3044321
2204,UT,2017,3101833
2205,VA,1969,4589746
2206,VA,1970,4671101
2207,VA,1971,4752480
2208,VA,1972,4827910
2209,VA,1973,4906505
2210,VA,1974,4978036
2211,VA,1975,5056199
2212,VA,1976,5132519
2213,VA,1977,5205505
2214,VA,1978,5283888
2215,VA,1979,5324338
2216,VA,1980,5367648
2217,VA,1981,5444155
2218,VA,1982,5492848
2219,VA,1983,5564676
2220,VA,1984,5643937
2221,VA,1985,5715198
2222,VA,1986,5811695
2223,VA,1987,5932261
2224,VA,1988,6036907
2225,VA,1989,6120244
2226,VA,1990,6216884
2227,VA,1991,6301217
2228,VA,1992,6414307
2229,VA,1993,6509630
2230,VA,1994,6593139
2231,VA,1995,6670693
2232,VA,1996,6750884
2233,VA,1997,6829183
2234,VA,1998,6900918
2235,VA,1999,7000174
2236,VA,2000,7105817
2237,VA,2001,7198362
2238,VA,2002,7286873
2239,VA,2003,7366977
2240,VA,2004,7475575
2241,VA,2005,7577105
2242,VA,2006,7673725
2243,VA,2007,7751000
2244,VA,2008,7833496
2245,VA,2009,7925937
2246,VA,2010,8025206
2247,VA,2011,8107548
2248,VA,2012,8188656
2249,VA,2013,8261689
2250,VA,2014,8316902
2251,VA,2015,8366767
2252,VA,2016,8414380
2253,VA,2017,8470020
2254,VT,1969,438948
2255,VT,1970,446649
2256,VT,1971,454378
2257,VT,1972,463212
2258,VT,1973,468547
2259,VT,1974,473148
2260,VT,1975,479897
2261,VT,1976,485172
2262,VT,1977,492180
2263,VT,1978,498306
2264,VT,1979,505730
2265,VT,1980,512824
2266,VT,1981,515588
2267,VT,1982,519113
2268,VT,1983,523310
2269,VT,1984,526662
2270,VT,1985,530031
2271,VT,1986,534065
2272,VT,1987,540266
2273,VT,1988,549758
2274,VT,1989,557715
2275,VT,1990,564798
2276,VT,1991,568606
2277,VT,1992,572751
2278,VT,1993,577748
2279,VT,1994,583836
2280,VT,1995,589002
2281,VT,1996,593701
2282,VT,1997,597239
2283,VT,1998,600416
2284,VT,1999,604683
2285,VT,2000,609618
2286,VT,2001,612223
2287,VT,2002,615442
2288,VT,2003,617858
2289,VT,2004,619920
2290,VT,2005,621215
2291,VT,2006,622892
2292,VT,2007,623481
2293,VT,2008,624151
2294,VT,2009,624817
2295,VT,2010,625842
2296,VT,2011,626210
2297,VT,2012,625606
2298,VT,2013,626044
2299,VT,2014,625665
2300,VT,2015,624455
2301,VT,2016,623354
2302,VT,2017,623657
2303,WA,1969,3392905
2304,WA,1970,3419974
2305,WA,1971,3447070
2306,WA,1972,3446895
2307,WA,1973,3477308
2308,WA,1974,3547959
2309,WA,1975,3618928
2310,WA,1976,3690628
2311,WA,1977,3772421
2312,WA,1978,3886250
2313,WA,1979,4012909
2314,WA,1980,4155198
2315,WA,1981,4235733
2316,WA,1982,4276533
2317,WA,1983,4300267
2318,WA,1984,4343670
2319,WA,1985,4400084
2320,WA,1986,4452726
2321,WA,1987,4531896
2322,WA,1988,4639911
2323,WA,1989,4746314
2324,WA,1990,4903043
2325,WA,1991,5025624
2326,WA,1992,5160757
2327,WA,1993,5278842
2328,WA,1994,5375161
2329,WA,1995,5481027
2330,WA,1996,5569753
2331,WA,1997,5674747
2332,WA,1998,5769562
2333,WA,1999,5842564
2334,WA,2000,5910512
2335,WA,2001,5985722
2336,WA,2002,6052349
2337,WA,2003,6104115
2338,WA,2004,6178645
2339,WA,2005,6257305
2340,WA,2006,6370753
2341,WA,2007,6461587
2342,WA,2008,6562231
2343,WA,2009,6667426
2344,WA,2010,6741386
2345,WA,2011,6819155
2346,WA,2012,6890899
2347,WA,2013,6963410
2348,WA,2014,7046931
2349,WA,2015,7152818
2350,WA,2016,7280934
2351,WA,2017,7405743
2352,WI,1969,4392904
2353,WI,1970,4426419
2354,WI,1971,4460012
2355,WI,1972,4498455
2356,WI,1973,4518503
2357,WI,1974,4538220
2358,WI,1975,4569660
2359,WI,1976,4584747
2360,WI,1977,4613339
2361,WI,1978,4630998
2362,WI,1979,4665965
2363,WI,1980,4713991
2364,WI,1981,4726315
2365,WI,1982,4728879
2366,WI,1983,4721428
2367,WI,1984,4735588
2368,WI,1985,4747766
2369,WI,1986,4755646
2370,WI,1987,4777977
2371,WI,1988,4822365
2372,WI,1989,4856478
2373,WI,1990,4904562
2374,WI,1991,4964343
2375,WI,1992,5025398
2376,WI,1993,5084889
2377,WI,1994,5133678
2378,WI,1995,5184836
2379,WI,1996,5229986
2380,WI,1997,5266213
2381,WI,1998,5297672
2382,WI,1999,5332666
2383,WI,2000,5373999
2384,WI,2001,5406835
2385,WI,2002,5445162
2386,WI,2003,5479203
2387,WI,2004,5514026
2388,WI,2005,5546166
2389,WI,2006,5577655
2390,WI,2007,5610775
2391,WI,2008,5640996
2392,WI,2009,5669264
2393,WI,2010,5690403
2394,WI,2011,5705812
2395,WI,2012,5721075
2396,WI,2013,5736673
2397,WI,2014,5751272
2398,WI,2015,5759744
2399,WI,2016,5772917
2400,WI,2017,5795483
2401,WV,1969,1728411
2402,WV,1970,1749347
2403,WV,1971,1770346
2404,WV,1972,1796949
2405,WV,1973,1805347
2406,WV,1974,1814115
2407,WV,1975,1840660
2408,WV,1976,1877536
2409,WV,1977,1905696
2410,WV,1978,1920428
2411,WV,1979,1939112
2412,WV,1980,1952874
2413,WV,1981,1954105
2414,WV,1982,1949642
2415,WV,1983,1945096
2416,WV,1984,1927675
2417,WV,1985,1906823
2418,WV,1986,1882351
2419,WV,1987,1857590
2420,WV,1988,1830227
2421,WV,1989,1806569
2422,WV,1990,1792548
2423,WV,1991,1798735
2424,WV,1992,1806451
2425,WV,1993,1817539
2426,WV,1994,1820421
2427,WV,1995,1823700
2428,WV,1996,1822808
2429,WV,1997,1819113
2430,WV,1998,1815609
2431,WV,1999,1811799
2432,WV,2000,1807021
2433,WV,2001,1801481
2434,WV,2002,1805414
2435,WV,2003,1812295
2436,WV,2004,1816438
2437,WV,2005,1820492
2438,WV,2006,1827912
2439,WV,2007,1834052
2440,WV,2008,1840310
2441,WV,2009,1847775
2442,WV,2010,1854315
2443,WV,2011,1854891
2444,WV,2012,1855360
2445,WV,2013,1852333
2446,WV,2014,1847624
2447,WV,2015,1839767
2448,WV,2016,1828637
2449,WV,2017,1815857
2450,WY,1969,327809
2451,WY,1970,333928
2452,WY,1971,340058
2453,WY,1972,346893
2454,WY,1973,353385
2455,WY,1974,364575
2456,WY,1975,380537
2457,WY,1976,395493
2458,WY,1977,411606
2459,WY,1978,430953
2460,WY,1979,451894
2461,WY,1980,474381
2462,WY,1981,491700
2463,WY,1982,506378
2464,WY,1983,510350
2465,WY,1984,504891
2466,WY,1985,499688
2467,WY,1986,495619
2468,WY,1987,476974
2469,WY,1988,465080
2470,WY,1989,458376
2471,WY,1990,453690
2472,WY,1991,459260
2473,WY,1992,466251
2474,WY,1993,473081
2475,WY,1994,480283
2476,WY,1995,485160
2477,WY,1996,488167
2478,WY,1997,489451
2479,WY,1998,490787
2480,WY,1999,491780
2481,WY,2000,494300
2482,WY,2001,494657
2483,WY,2002,500017
2484,WY,2003,503453
2485,WY,2004,509106
2486,WY,2005,514157
2487,WY,2006,522667
2488,WY,2007,534876
2489,WY,2008,546043
2490,WY,2009,559851
2491,WY,2010,564376
2492,WY,2011,567602
2493,WY,2012,576608
2494,WY,2013,582341
2495,WY,2014,583334
2496,WY,2015,586102
2497,WY,2016,584910
2498,WY,2017,579315
